资产,上证50指数,上证50ETF,上证50期货
上证50指数,1.0,0.992588,0.951211
上证50ETF,0.992588,1.0,0.961526
上证50期货,0.951211,0.961526,1.0
