feature,pearson,spearman
成交 VWAP 价格,0.1671545245224344,0.5
期间成交额,0.9480550435215219,0.9333333333333332
平均订单股数,0.2981220958335871,0.0
